﻿Address,City,Lab,State,Title,Type,Pincode
"ICMR-Regional Medical Research Centre, Post Bag 13, Dollygunj, Port Blair, Andaman and Nicobar Islands 744103",Port Blair,"ICMR-Regional Medical Research Centre, Port Blair",Andaman and Nicobar Islands,Covid-19 in India Dashboard Analysis,Government Laboratory,744103
"National Highway 52A, Old Assembly Complex, Naharlagun, Arunachal Pradesh 791110",Naharlagun,"Tomo Riba Institute of Health & Medical Sciences, Naharlagun",Arunachal Pradesh,Covid-19 in India Dashboard Analysis,Collection Site,791110
"Sri Venkateswara Institute of Medical Sciences, Tirupati, Andhra Pradesh Alipiri Rd, Sri Padmavati Mahila Visvavidyalayam, Tirupati, Andhra Pradesh 517507",Tirupati,"Sri Venkateswara Institute of Medical Sciences, Tirupati",Andhra Pradesh,Covid-19 in India Dashboard Analysis,Government Laboratory,517507
"Rangaraya Medical College, Kakinada Pithampuram Road, Kakinada, Andhra Pradesh 533001",Kakinada,"Rangaraya Medical College, Kakinada",Andhra Pradesh,Covid-19 in India Dashboard Analysis,Government Laboratory,533001
"Siddhartha Medical College, Vijayawada NH 16 Service Rd, beside Dr NTR University of Health Sciences, Gunadala, Vijayawada, Andhra Pradesh 520008",Vijayawada,"Sidhartha Medical College, Vijaywada",Andhra Pradesh,Covid-19 in India Dashboard Analysis,Government Laboratory,520008
"Government Medical College, Anantapur, Rahamat Nagar, Anantapur, Andhra Pradesh 515001",Anantapur,"Government Medical College, Anantapur",Andhra Pradesh,Covid-19 in India Dashboard Analysis,Government Laboratory,515001
"Guntur Medical College, Guntur Kanna Vari Thota, Guntur, Andhra Pradesh 522004",Guntur,"Guntur Medical College, Guntur",Andhra Pradesh,Covid-19 in India Dashboard Analysis,Government Laboratory,522004
"Rajiv Gandhi Institute of Medical Sciences, Kadapa Puttampalli, Andhra Pradesh 516002",Puttampalli,"Rajeev Gandhi Institute of Medical Sciences (RIMS), Kadappa",Andhra Pradesh,Covid-19 in India Dashboard Analysis,Government Laboratory,516002
"Andhra Medical College, Vishakhapatnam, Medical College Road, Opp Collector Office, Maharanipeta, King George Hospital Campus, Andhra Pradesh 530002",Vishakhapatnam,"Andhra Medical College, Vishakhapatnam",Andhra Pradesh,Covid-19 in India Dashboard Analysis,Government Laboratory,530002
"Guwahati Narakasur Hilltop, Bhangagarh, Guwahati, Assam 781032",Guwahati,"Gauhati Medical College, Guwahati",Assam,Covid-19 in India Dashboard Analysis,Government Laboratory,781032
"Regional Medical Research Centre, Dibrugarh Bokul, Lahowal, Dibrugarh, Assam, Assam 786001",Dibrugarh,"Regional Medical Research Centre, Dibrugarh",Assam,Covid-19 in India Dashboard Analysis,Government Laboratory,786001
"Jorhat Medical College, Jorhat Kushal Konwar Path, Barbheta, Jorhat, Assam 785001",Jorhat,"Jorhat Medical College, Jorhat",Assam,Covid-19 in India Dashboard Analysis,Government Laboratory,785001
"Silchar Medical College, Silchar Ghungoor Road, beside Indian Post, Masimpur, Uttar Krishnapur Pt III, Assam 788014",Silchar,"Silchar Medical College, Silchar",Assam,Covid-19 in India Dashboard Analysis,Government Laboratory,788014
"Fakhruddin Medical College, Barpeta-Hospital-Jania Rd, Joti Gaon, Assam 781301",Barpeta,"Fakhruddin Medical College, Barpeta",Assam,Covid-19 in India Dashboard Analysis,Government Laboratory,781301
"Tezpur Medical College. Bihaguri, Tezpur 784010, Assam, India",Tezpur,"Tezpur Medical College and Hospital, Tezpur",Assam,Covid-19 in India Dashboard Analysis,Government Laboratory,784010
"Rajendra Memorial Research Institute of Medical Sciences, Sadikpur, Patna, Bihar 800007",Patna,"Rajendra Memorial Research Institute of Medical Sciences, Patna",Bihar,Covid-19 in India Dashboard Analysis,Government Laboratory,800007
"Indira Gandhi Institute of Medical Sciences, Allahabad bank, Bailey Rd, Sheikhpura, Patna, Bihar 800014",Patna,"Indira Gandhi Institute of Medical Sciences, Patna",Bihar,Covid-19 in India Dashboard Analysis,Government Laboratory,800014
"Patna Medical College, Ashok Rajpath, Patna University Campus, Patna, Bihar 800001",Patna,"Patna Medical College, Patna",Bihar,Covid-19 in India Dashboard Analysis,Government Laboratory,800001
"Darbhanga Medical College, DMCH Rd, Allalpatti, Laheriasarai, Darbhanga, Bihar 846003",Darbhanga,"Darbhanga Medical College, Darbhanga",Bihar,Covid-19 in India Dashboard Analysis,Government Laboratory,846003
"S K Medical College, Shree Krishna medical college, Uma Nagar, Muzaffarpur, Bihar 842004",Muzaffarpur,"S K Medical College, Muzaffarpur",Bihar,Covid-19 in India Dashboard Analysis,Government Laboratory,842004
"All India Institute of Medical Sciences, Phulwarisharif, Patna, Bihar 801507, India",Patna,"All India Institute of Medical Sciences (AIIMS), Patna",Bihar,Covid-19 in India Dashboard Analysis,Government Laboratory,801507
"Post Graduate Institute of Medical Education & Research, Chandigarh, Madhya Marg, Sector 12, Chandigarh, 160012",Chandigarh,"Post Graduate Institute of Medical Education & Research, Chandigarh",Chandigarh,Covid-19 in India Dashboard Analysis,Government Laboratory,160012
"Government Medical College & Hospital, Chandi Path, Sector 32B, 32B, Sector 32, Chandigarh, 160047",Chandigarh,"Government Medical College & Hospital, Chandigarh",Chandigarh,Covid-19 in India Dashboard Analysis,Government Laboratory,160047
"CSIR - Institute of Microbial Technology, Sector 39A, Chandigarh, 160036, India",Chandigarh,"CSIR - Institute of Microbial Technology, Chandigarh",Chandigarh,Covid-19 in India Dashboard Analysis,Government Laboratory,160036
"All India Institute of Medical Science (AIIMS), Great Eastern Rd, AIIMS Campus, Tatibandh, Raipur, Chhattisgarh 492099",Raipur,"All India Institute of Medical Science (AIIMS), Raipur",Chhattisgarh,Covid-19 in India Dashboard Analysis,Government Laboratory,492099
"Late Baliram Kashyap M Govt. Medical College, Dimrapal, Jagdalpur, Chhattisgarh 494001",Jagdalpur,"Late Baliram Kashyap M Govt. Medical College, Jagdalpur",Chhattisgarh,Covid-19 in India Dashboard Analysis,Government Laboratory,494001
"Pt. Jawahar Lal Nehru Memorial Medical College, Jail Road, Raipur, Chhattisgarh 492001, India",Raipur,Pt J.N.M. Medical College Raipur,Chhattisgarh,Covid-19 in India Dashboard Analysis,Government Laboratory,492001
"NAtional MOdern Medical Education and Research Institute and Shri Vinoba Bhave Civil Hospital, Sayali Road, Silvassa Dadra & Nagar Haveli 396230 India",Silvassa,"Shri Vinoba Bhave Civil Hospital and NAtional MOdern Medical Education and Research Institute, Silvassa",Dadra and Nagar Haveli and Daman and Diu,Covid-19 in India Dashboard Analysis,Government Laboratory,396230
"All India Institute of Medical Sciences, Sri Aurobindo Marg, Ansari Nagar, Ansari Nagar East, New Delhi, Delhi 110029",New Delhi,"All India Institute of Medical Sciences, New Delhi",Delhi,Covid-19 in India Dashboard Analysis,Government Laboratory,110029
"Lady Hardinge Medical College, Connaught Place, New Delhi, Delhi 110001",New Delhi,"Lady Hardinge Medical College, New Delhi",Delhi,Covid-19 in India Dashboard Analysis,Government Laboratory,110001
"National Centre for Disease Control, 22, Sham Nath Marg, Civil Lines, New Delhi, Delhi 110054",New Delhi,"National Centre for Disease Control, New Delhi",Delhi,Covid-19 in India Dashboard Analysis,Government Laboratory,110054
"Ram Manohar Lohia Hospital, Type III, President's Estate, New Delhi, Delhi 110001",New Delhi,"Ram Manohar Lohia Hospital, New Delhi",Delhi,Covid-19 in India Dashboard Analysis,Government Laboratory,110001
"Institute of Liver and Biliary Sciences, D1 ILBS Road, Vasant Kunj, New Delhi, Delhi 110070",New Delhi,"Institute of Liver and Biliary Sciences, New Delhi",Delhi,Covid-19 in India Dashboard Analysis,Government Laboratory,110070
"Army Hospital Research & Referral, Military Hospital Road Near, Subroto Park, Dhaula Kuan, New Delhi, Delhi 110010",New Delhi,"Army Hospital Research & Referral, New Delhi",Delhi,Covid-19 in India Dashboard Analysis,Government Laboratory,110010
"Maulana Azad Medical College, 2, Bahadur Shah Zafar Marg, New Delhi, Delhi 110002",New Delhi,"Maulana Azad Medical College, New Delhi",Delhi,Covid-19 in India Dashboard Analysis,Government Laboratory,110002
"Vardhman Mahavir Medical College and Safdarjung Hospital, Ansari Nagar East, New Delhi, Delhi 110029",New Delhi,"Vardhman Mahavir Medical College and Safdarjung Hospital, New Delhi",Delhi,Covid-19 in India Dashboard Analysis,Government Laboratory,110029
"Dr Lal PathLabs, National Reference laboratory, B7 Rd, Block E, Sector 18, Rohini, New Delhi, Delhi 110085",New Delhi,"Dr Lal PathLabs, National Reference laboratory",Delhi,Covid-19 in India Dashboard Analysis,Private Laboratory,110085
"Dr. Dang’s Lab, C2/1 SDA Aurbindo Marg, New Delhi 110016",New Delhi,"Dr. Dang’s Lab, New Delhi",Delhi,Covid-19 in India Dashboard Analysis,Private Laboratory,110016
"Laboratory Services Indraprastha Apollo Hospitals, Sarita Vihar, New Delhi 110076",New Delhi,"Laboratory Services Indraprastha Apollo Hospitals, Sarita Vihar, New Delhi",Delhi,Covid-19 in India Dashboard Analysis,Private Laboratory,110076
"Max lab, Max Super Speciality Hospital, 1, Press Enclave Road, Saket New Delhi 110017",New Delhi,"Max lab, Max Super Speciality Hospita, Saket, New Delhi",Delhi,Covid-19 in India Dashboard Analysis,Private Laboratory,110017
"Sir ganga ram hospital clinical laboratory services, Sarhadi Gandhi Marg, Old Rajinder Nagar, Rajinder Nagar, New Delhi, Delhi 110060",New Delhi,"Sir ganga ram hospital clinical laboratory services, New Delhi",Delhi,Covid-19 in India Dashboard Analysis,Private Laboratory,110060
"ONCQUEST Laboratories Limited 3-Factory Road, Adjacent Safdarjung Hospital, New Delhi, Delhi 110029",New Delhi,"ONCQUEST Laboratories Limited, New Delhi",Delhi,Covid-19 in India Dashboard Analysis,Private Laboratory,110029
"Prognosis Laboratories, 515-516, behind Gupta Properties, Close to Welcome Hotel (ITC, Sector 19, Pocket 1, Dwarka, New Delhi, Delhi 110075",New Delhi,"Prognosis Laboratories, New Delhi",Delhi,Covid-19 in India Dashboard Analysis,Private Laboratory,110075
"City X Ray & Scan Clinic Pvt. Ltd., Molecular Laboratory, Third Floor,City Imaging Building, 4B/18, Tilak Nagar, Near haldiram, New Delhi 110018",New Delhi,"City x-Ray & Scan Clinic Pvt. Ltd., New Delhi",Delhi,Covid-19 in India Dashboard Analysis,Private Laboratory,110018
"Lifeline Laboratory, H-11, Green Park Extension, New Delhi, Delhi 110016",New Delhi,"Lifeline Laboratory, New Delhi",Delhi,Covid-19 in India Dashboard Analysis,Private Laboratory,110016
"Department of Laboratory Services, Dr. B.L. Kapur Memorial Hospital, 5, Pusa Road, New Delhi-110005, India",New Delhi,"Department of Laboratory Services, Dr. B.L. Kapur Memorial Hospital New Delhi",Delhi,Covid-19 in India Dashboard Analysis,Private Laboratory,110005
"B j medical college, Asarwa, Civil Hospital Campus, Ahmedabad, Gujarat 380016",Ahmedabad,"BJ Medical College, Ahmedabad",Gujarat,Covid-19 in India Dashboard Analysis,Government Laboratory,380016
"M.P. Shah Govt Medical College, Pandit Nehru Marg, Indradeep Society, Jamnagar, Gujarat 361008",Jamnagar,"M. P. Shah Govt Medical College, Jamnagar",Gujarat,Covid-19 in India Dashboard Analysis,Government Laboratory,361008
"Government Medical College, Opp Income Tax Department Office, Majura Gate, Surat, Gujarat 395001",Surat,"Government Medical College, Surat",Gujarat,Covid-19 in India Dashboard Analysis,Government Laboratory,395001
"Government Medical College, Near State Road Transport Corporation Bus Stand, Bhavnagar, Gujarat 364001",Bhavnagar,"Government Medical College, Bhavnagar",Gujarat,Covid-19 in India Dashboard Analysis,Government Laboratory,364001
"Government Medical College, Vinoba Bhave Rd, Anandpura, Vadodara, Gujarat 390001",Vadodara,"Government Medical College, Vadodara",Gujarat,Covid-19 in India Dashboard Analysis,Government Laboratory,390001
"Government Medical College, Pandit Dindayal Upadhyay Medical College, Sadar Civil Hospital Campus, Rajkot, Gujarat 360001",Rajkot,"Government Medical College, Rajkot",Gujarat,Covid-19 in India Dashboard Analysis,Government Laboratory,360001
"Smt. NHL Municipal Medical College, Pritan Rai Cross Road, Ellise Bridge, Paldi, Ahmedabad, Gujarat 380006, India",Ahmedabad,"Smt. NHL Municipal Medical College, Ahmedabad",Gujarat,Covid-19 in India Dashboard Analysis,Government Laboratory,380006
"GMERS Medical Collage, Sola, S.G. Highway, Ahmedabad, Gujarat 380060, India",Ahmedabad,"GMERS Medical Collage, Ahmedabad",Gujarat,Covid-19 in India Dashboard Analysis,Government Laboratory,380060
"ICMR-National Institute of Occupational Health, Meghani Nagar, Ahmedabad-380016, Gujarat, India",Ahmedabad,"ICMR-National Institute of Occupational Health, Ahmedabad",Gujarat,Covid-19 in India Dashboard Analysis,Government Laboratory,380016
"Surat Municipal Institute of Medical Education & Research, Near Sahara Darwaja, Opposite to Bombay Market, Umarwada, Surat- 395010 Gujarat, India",Surat,"Surat Municipal Institute of Medical Education & Research, Surat",Gujarat,Covid-19 in India Dashboard Analysis,Government Laboratory,395010
"Unipath Speciality Laboratory Limited,, 102, 1st Floor, Sanoma Plaza, Sheth Mangald Road, Opp. Parimal Garden, Ellisbridge, Ahmedabad, Gujarat 380006",Ahmedabad,"Unipath Speciality Laboratory Limited, Ahmedabad",Gujarat,Covid-19 in India Dashboard Analysis,Private Laboratory,380006
"Supratech Micropath Laboratory & Research Institute Pvt. Ltd., Neuberg Supratech, Ground Floor, Kedar Builiding, Opp. Krupa petrol Pump Parimal garden, Gujarat 380006",Ahmedabad,"Supratech Micropath Laboratory & Research Institute Pvt. Ltd., Ahmedabad",Gujarat,Covid-19 in India Dashboard Analysis,Private Laboratory,380006
"S. N. GENELAB, 2nd Floor, President Plaza-A, Nanpura, Surat, Gujarat, India 395001",Surat,"S. N. GENELAB, Nanpura, Surat",Gujarat,Covid-19 in India Dashboard Analysis,Private Laboratory,395001
"PanGenomics International Pvt. Ltd., 1st floor sankalp Squre Juna sharda Mandir Cross Road, Ahmedabad, Gujarat 380006",Ahmedabad,"PanGenomics International Pvt. Ltd., Ahmedabad",Gujarat,Covid-19 in India Dashboard Analysis,Private Laboratory,380006
"Goa Medical College and Hospital, Bambolim Bambolim, Tiswadi Goa India 403202",Goa,"Goa Medical College, Bambolim",Goa,Covid-19 in India Dashboard Analysis,Government Laboratory,403202
"Pandit Bhagwat Dayal Sharma Post Graduate Institute of Medical Sciences, SH 16A, Dev Colony, Rohtak, Haryana 124514",Rohtak,"Pandit Bhagwat Dayal Sharma Post Graduate Institute of Medical Sciences, Rohtak",Haryana,Covid-19 in India Dashboard Analysis,Government Laboratory,124514
"Bhagat Phool Singh Government Medical College, Ganaur - Gohana Rd, Khanpur Kalan, Haryana 131305",Sonipat,"BPS Government Medical College for Women, Sonipat",Haryana,Covid-19 in India Dashboard Analysis,Government Laboratory,131305
"ESIC Medical College and Hospital, NH-3, NIT, Faridabad, Haryana",Faridabad,"ESIC Medical College and Hospital, Faridabad",Haryana,Covid-19 in India Dashboard Analysis,Government Laboratory,121012
"ICAR-National Research Centre on Equines, Sirsa Road, Hisar , 125001, Haryana, India",Hisar,"ICAR-National Research Centre on Equines, Hisar",Haryana,Covid-19 in India Dashboard Analysis,Government Laboratory,125001
"Kalpana Chawla Government Medical College and Hospital, Karnal, Haryana 132001, India",Karnal,"Kalpana Chawla Government Medical College and Hospital, Karnal",Haryana,Covid-19 in India Dashboard Analysis,Government Laboratory,132001
"Strand Life Sciences, A-17, Info Technology Park, Sector 34, Gurugram, Haryana 122001",Gurugram,"Strand Life Sciences, Gurugram",Haryana,Covid-19 in India Dashboard Analysis,Private Laboratory,122001
"SRL Limited, GP 26 Sector 18, Gurugram, Haryana, India Pin 122015",Gurugram,"SRL Limited, Gurugram",Haryana,Covid-19 in India Dashboard Analysis,Private Laboratory,122015
"Modern Diagnostic & research Centre Laboratory, 363-364/4, Jawahar Nagar, New Railway Road, Gurugram-122001, Haryana",Gurugram,"Modern Diagnostic & research Centre Laboratory, Gurugram",Haryana,Covid-19 in India Dashboard Analysis,Private Laboratory,122001
"CORE Diagnostics Pvt Ltd, 406, Udyog Vihar III, Sector 20, Gurugram, Haryana 122016",Gurugram,"CORE Diagnostics Pvt Ltd, Gurugram",Haryana,Covid-19 in India Dashboard Analysis,Private Laboratory,122016
"Molq Lab (A Unit of Molecular Quest Healthcare Private Limited), Plot 28-29, Sector 18(P), Electronic City, Udyog Vihar Phase-IV, Gurugram, Haryana 122001",Gurugram,"Molq Lab (A Unit of Molecular Quest Healthcare Private Limited), Gurugram",Haryana,Covid-19 in India Dashboard Analysis,Private Laboratory,122001
"PATHKIND Diagnostics Pvt. Ltd., Plot No. 55, 56, Service Lane, Phase IV, Udyog Vihar, Sector 18, Gurugram, Haryana 122015",Gurugram,"PATHKIND Diagnostics Pvt. Ltd., Gurugram",Haryana,Covid-19 in India Dashboard Analysis,Private Laboratory,122015
"Indira Gandhi Medical College, Ridge Sanjauli Rd, Lakkar Bazar, Shimla, Himachal Pradesh 171001",Shimla,"Indira Gandhi Medical College, Shimla",Himachal Pradesh,Covid-19 in India Dashboard Analysis,Government Laboratory,171001
"Dr. Rajendra Prasad Government Medical College, Tanda Hospital Rd, Kangra, Himachal Pradesh 176001",Kangra,"Dr. Rajendra Prasad Government Medical College, Tanda",Himachal Pradesh,Covid-19 in India Dashboard Analysis,Government Laboratory,176001
"Central Research Institute, Solan, Kasauli, Himachal Pradesh 173204",Kasauli,"Central Research Institute, Kasauli",Himachal Pradesh,Covid-19 in India Dashboard Analysis,Government Laboratory,173204
"Government Medical College, maheshpura, chowk, Bakshi Nagar, Jammu Cantonment, Jammu and Kashmir 180001",Jammu,"Government Medical College, Jammu",Jammu and Kashmir,Covid-19 in India Dashboard Analysis,Government Laboratory,180001
"Command Hospital, Raghunathpura, Udhampur, Jammu and Kashmir 182101",Udhampur,"Command Hospital, Udhampur",Jammu and Kashmir,Covid-19 in India Dashboard Analysis,Government Laboratory,182101
"Sher - i-Kashmir Institute of Medical Sciences, SKIMS Main Rd, Soura, Srinagar, 190011",Srinagar,"Sher-i -Kashmir Institute of Medical Sciences, Srinagar",Jammu and Kashmir,Covid-19 in India Dashboard Analysis,Government Laboratory,190011
"Government Medical College, Jammu and Kashmir, Bemina, Srinagar, 190010",Srinagar,"Government Medical College, Srinagar",Jammu and Kashmir,Covid-19 in India Dashboard Analysis,Government Laboratory,190010
"MGM Medical College, Dimna Rd, Hill View Colony, Mango, Jamshedpur, Jharkhand 831020",Jamshedpur,"MGM Medical College, Jamshedpur",Jharkhand,Covid-19 in India Dashboard Analysis,Government Laboratory,831020
"Rajendra Institute of Medical Sciences, Cir, Indraprasth Colony, Bariatu, Ranchi, Jharkhand 834009",Ranchi,"Rajendra Institute of Medical Sciences, Ranchi",Jharkhand,Covid-19 in India Dashboard Analysis,Government Laboratory,834009
"Patliputra Medical College & Hospital, B.C.C.L. Township, Koyla Nagar, Dhanbad - 826005, Jharkhand",Dhanbad,"Patliputra Medical College & Hospital, Dhanbad",Jharkhand,Covid-19 in India Dashboard Analysis,Government Laboratory,826005
"Hassan Institute of Medical Sciences, Shri panchamukhi medicals and clinic, opp. govt high school, Hassan, Karnataka 573201",Hassan,"Hassan Institute of Medical Sciences, Hassan",Karnataka,Covid-19 in India Dashboard Analysis,Government Laboratory,573201
"Mysore Medical College & Research Institute, Irwin Road, next to Railway Staion, Mysuru, Karnataka 570001",Mysuru,"Mysore Medical College & Research Institute, Mysore",Karnataka,Covid-19 in India Dashboard Analysis,Government Laboratory,570001
"Shimoga Institute of Medical Sciences, N.H.206, Sagara Road, Shivamogga, Karnataka 577201",Shivamogga,"Shimoga Institute of Medical Sciences, Shivamogga",Karnataka,Covid-19 in India Dashboard Analysis,Government Laboratory,577201
"Command Hospital (Air Force) , Cambridge Rd, Cambridge Layout, Jogupalya, Bengaluru, Karnataka 560007",Bengaluru,Command Hospital (Air Force) Bengaluru,Karnataka,Covid-19 in India Dashboard Analysis,Government Laboratory,560007
"Bangalore Medical College & Research Institute, Krishna Rajendra Rd, Bengaluru, Karnataka 560002",Bengaluru,"Bangalore Medical College & Research Institute, Bangaluru",Karnataka,Covid-19 in India Dashboard Analysis,Government Laboratory,560002
"National Institute of Virology, Field Unit, Jaya Nagar 1st Block, Jayanagar, Bengaluru, Karnataka 560011",Bengaluru,"National Institute of Virology, Field Unit, Bengaluru",Karnataka,Covid-19 in India Dashboard Analysis,Government Laboratory,560011
"Gulbarga Institute Of Medical Sciences, Sedam Rd,Veeresh Nagar Cross, behind MRMC, Gulbarga, Karnataka 585101",Gulbarga,"Gulbarga Institute Of Medical Sciences, Gulbarga",Karnataka,Covid-19 in India Dashboard Analysis,Government Laboratory,585101
"National Institute of Mental Health and Neurosciences,, Hosur Road, Lakkasandra, Hombegowda Nagar, Bengaluru, Karnataka 560029",Bengaluru,"National Institute of Mental Health and Neurosciences, Bengaluru",Karnataka,Covid-19 in India Dashboard Analysis,Government Laboratory,560029
"Vijayanagar Institute of Medical Sciences, Contonment, Bellary 583104, Karnataka, India",Bellary,"Vijayanagar Institute of Medical Science, Bellary",Karnataka,Covid-19 in India Dashboard Analysis,Government Laboratory,583104
"Wenlock District Hospital, Hampankatta, Mangalore, Karnataka 575001",Mangalore,"Wenlock District Hospital, Mangalore",Karnataka,Covid-19 in India Dashboard Analysis,Government Laboratory,575001
"Karnataka Institute of Medical Sciences (K.I.M.S.), P. B Road, Vidyanagar, Hubli – 580022, Karnataka, India",Hubli,"Karnataka Institute of Medical Sciences (K.I.M.S.), Hubballi",Karnataka,Covid-19 in India Dashboard Analysis,Government Laboratory,580022
"ICMR-National Institute of Traditional Medicine (NITM), Nehru Nagar, National Highway No. 4, Belagavi- 590010 Karnataka, India",Belagavi,"ICMR-National Institute of Traditional Medicine (NITM), Belagavi",Karnataka,Covid-19 in India Dashboard Analysis,Government Laboratory,590010
"Neuberg Anand Reference Laboratory, Anand Tower, #54, bowring Hospital Road, Bengaluru, karnataka, India 560001",Bengaluru,"Neuberg Anand Reference Laboratory, Bengaluru",Karnataka,Covid-19 in India Dashboard Analysis,Private Laboratory,560001
"Cancyte Technologies Private Limited, Bengaluru, Karnataka 560018",Bengaluru,"Cancyte Technologies Private Limited, Bengaluru",Karnataka,Covid-19 in India Dashboard Analysis,Private Laboratory,560018
"Sakra World Hospital Laboratory Services, 52/2 & 52/3, Deverabeesanahalli, Varthur Hobli, Bangalore-560103, Karnataka, India",Bengaluru,"Sakra World Hospital Laboratory Services, Bangalore",Karnataka,Covid-19 in India Dashboard Analysis,Private Laboratory,560103
"Central Diagnostic Laboratory, Vydehi Institute of Medical Sciences & Research Centre, Basement Hospital Building, #82, E.P.I.P. Area, Whitefield, Bangalore-560066, Karnataka",Bengaluru,"Central Diagnostic Laboratory, Vydehi Institute of Medical Sciences & Research Centre, Bangalore",Karnataka,Covid-19 in India Dashboard Analysis,Private Laboratory,560066
"Laboratory Services, Apollo Hospitals, (A Unit of M/S Imperial Hospital and Research Centre Ltd), 154/11, Opp IIM, Bannerghatta Road, Bengaluru - 560 076, Karnataka, India",Bengaluru,"Laboratory Services, Apollo Hospitals, (A Unit of M/S Imperial Hospital and Research Centre Ltd), Bengaluru",Karnataka,Covid-19 in India Dashboard Analysis,Private Laboratory,560076
"National Institute of Virology Field Unit, Allapuzzha Vandanam, Kerala 688005",Vandanam,"National Institute of Virology Field Unit, Allapuzzha",Kerala,Covid-19 in India Dashboard Analysis,Government Laboratory,688005
"Government Medical College, Ulloor - Akkulam Rd, near SAT hospital Medical College Junction, Chalakkuzhi, Thiruvananthapuram, Kerala 695011",Thiruvananthapuram,"Government Medical College, Trivandrum",Kerala,Covid-19 in India Dashboard Analysis,Government Laboratory,695011
"Government Medical College, 17 Medical College Road Medical College Junction, Near Police Station, Kozhikode, Kerala 673008",Kozhikode,"Government Medical College, Kozhikode",Kerala,Covid-19 in India Dashboard Analysis,Government Laboratory,673008
"Government Medical College, M. G. Kavu, Thrissur, Kerala 680596",Thrissur,"Government Medical College, Thrissur",Kerala,Covid-19 in India Dashboard Analysis,Government Laboratory,680596
"Rajiv Gandhi Center for Biotechnology,, Melarannoor Road Behind Central Jail Poojapura, Thycaud, Thiruvananthapuram, Kerala 695014",Thiruvananthapuram,"Rajiv Gandhi Center for Biotechnology, Thiruvananthapuram",Kerala,Covid-19 in India Dashboard Analysis,Government Laboratory,695014
"Sree Chitra Tirunal Institute for Medical Sciences & Technology, Jai Nagar W Rd, Chalakkuzhi, Thiruvananthapuram, Kerala 695011",Thiruvananthapuram,"Sree Chitra Tirunal Institute for Medical Sciences & Technology, Thiruvananthapuram",Kerala,Covid-19 in India Dashboard Analysis,Government Laboratory,695011
"State Public Health Laboratory, Red Cross Road, Near, General Hospital Rd, Rishimangalam, Pattoor, Thiruvananthapuram, Kerala 695024",Thiruvananthapuram,"State Public Health Laboratory, Trivandrum",Kerala,Covid-19 in India Dashboard Analysis,Government Laboratory,695024
"Interuniversity, kottayam, Thalappady, Kerala 686019",Thalappady,"Interuniversity, kottayam",Kerala,Covid-19 in India Dashboard Analysis,Government Laboratory,686019
"Malabar Cancer Centre, Kodiyeri, Muzhikkara - MCC Rd, Illathaazha, Thalassery, Kerala 670103",Thalassery,"Malabar Cancer Centre, Thalassery",Kerala,Covid-19 in India Dashboard Analysis,Government Laboratory,670103
"Central University of Kerala, Tejaswini Hills, Periye (PO), Kasaragod (DT), Kerala - 671316",Kasaragod,"Central University of Kerala, Kasaragod",Kerala,Covid-19 in India Dashboard Analysis,Government Laboratory,671316
"DDRC SRL Diagnostics Pvt Ltd, DDRC SRL TOWER,G-131, Panampilly Nagar, Ernakulam, Kerala 682036",Ernakulam,"DDRC SRL Diagnostics Pvt Ltd, Ernakulam",Kerala,Covid-19 in India Dashboard Analysis,Private Laboratory,682036
"Aster MIMS Laboratory Services, Mini, Mini Bypass Rd, Govindapuram, Kozhikode, Kerala 673016",Kozhikode,"MIMS Laboratory Services, Kozhikode",Kerala,Covid-19 in India Dashboard Analysis,Private Laboratory,673016
"Sonam Nurboo Memorial Hospital, Old Leh Rd, Leh-Ladakh, Ladakh 194101",Ladakh,"Sonam Nurboo Memorial Hospital, Leh-Ladakh",Ladakh,Covid-19 in India Dashboard Analysis,Collection Site,194101
"National Institute of Virology, Pune, 130/1, Pashan - Sus Rd, Pashan Gaon, Pashan, Pune, Maharashtra 411021",Pune,"National Institute of Virology, Pune",Maharashtra,Covid-19 in India Dashboard Analysis,Government Laboratory,411021
"Seth GS Medical College & KEM Hospital, Acharya Donde Marg, Parel, Mumbai, Maharashtra 400012",Mumbai,"Seth GS Medical College & KEM Hospital, Mumbai",Maharashtra,Covid-19 in India Dashboard Analysis,Government Laboratory,400012
"Kasturba Hospital for Infectious Diseases, Sane Guruji Marg, Arya Nagar, Chinchpokli, Mumbai, Maharashtra 400034",Mumbai,"Kasturba Hospital for Infectious Diseases, Mumbai",Maharashtra,Covid-19 in India Dashboard Analysis,Government Laboratory,400034
"National Institute of Virology Field Unit, Haffkine Institute Compound, A D Marg, Parel Mumbai 4000012",Mumbai,"National Institute of Virology Field Unit, Mumbai",Maharashtra,Covid-19 in India Dashboard Analysis,Government Laboratory,400012
"Armed Forces Medical College, Southern Command, Solapur Road, Wanowrie, near Race Course, Pune, Maharashtra 411040",Pune,"Armed Forces Medical College, Pune",Maharashtra,Covid-19 in India Dashboard Analysis,Government Laboratory,411040
"BJ Medical College, Jai Prakash Narayan Road, Railway Station Rd, near Pune, Maharashtra 411001",Pune,"BJ Medical College, Pune",Maharashtra,Covid-19 in India Dashboard Analysis,Government Laboratory,411001
"Indira Gandhi Government Medical College & Hospital, Mayo Hospital, Central Ave, Mominpura, Nagpur 440018",Nagpur,"Indira Gandhi Government Medical College & Hospital, Nagpur",Maharashtra,Covid-19 in India Dashboard Analysis,Government Laboratory,440018
"Grant Medical College & Sir JJ Hospital, J J Marg, Nagpada-Mumbai Central, Noor Baug, Mazgaon, Mumbai, Maharashtra 400008",Mumbai,"Grant Medical College & Sir JJ Hospital, Mumbai",Maharashtra,Covid-19 in India Dashboard Analysis,Government Laboratory,400008
"Govt Medical College & Hospital, University Road, Jubilee Park, Aurangabad, Maharashtra 431004",Aurangabad,Govt Medical College & Hospital Aurangabad,Maharashtra,Covid-19 in India Dashboard Analysis,Government Laboratory,431004
"V. M. Govt. Medical College, Opp. District Court, Solapur, Maharashtra 413003, India",Solapur,"V. M. Govt. Medical College, Solapur",Maharashtra,Covid-19 in India Dashboard Analysis,Government Laboratory,413003
"Haffkine Institute, Acharya Donde Marg, Parel, Mumbai 400012, Maharashtra",Mumbai,"Haffkine Institute, Mumbai",Maharashtra,Covid-19 in India Dashboard Analysis,Government Laboratory,400012
"Shree Bhausaheb Hire Govt Medical College, Chakkarbardi, Malegaon Road, Dhule, Maharashtra 424001",Dhule,"Shree Bhausaheb Hire Govt Medical College, Dhule",Maharashtra,Covid-19 in India Dashboard Analysis,Government Laboratory,424001
"Government Medical College And Hospital, Pandharpur Rd, Maji Sainik Vasahat, Miraj, Maharashtra 416410",Miraj,"Government Medical College And Hospital, Miraj",Maharashtra,Covid-19 in India Dashboard Analysis,Government Laboratory,416410
"All India Institute of Medical Sciences (AIIMS), Plot No. 2, Sector - 20, MIHAN, Nagpur 441108 Maharashtra",Nagpur,"All India Institute of Medical Sciences (AIIMS), Nagpur",Maharashtra,Covid-19 in India Dashboard Analysis,Government Laboratory,441108
"Department of Veterinary Public Health & Epidemiology, Nagpur Veterinary College. Seminary Hills, Nagpur 440006, Maharashtra",Nagpur,"Nagpur Veterinary College, Nagpur",Maharashtra,Covid-19 in India Dashboard Analysis,Government Laboratory,440006
"Advanced Centre for Treatment, Research and Education in Cancer (ACTREC), Tata Memorial Centre, Kharghar, Navi Mumbai - 410210, INDIA.",Navi Mumbai,"Advanced Centre for Treatment, Research and Education in Cancer (ACTREC), Tata Memorial Centre, Navi Mumbai",Maharashtra,Covid-19 in India Dashboard Analysis,Government Laboratory,410210
"Govt. Medical College, Ashok Vatika, District Collector Office Road, Near, Bhandaraj BK, Akola, Maharashtra 444001, India",Mumbai,"Govt. Medical College, Akola",Maharashtra,Covid-19 in India Dashboard Analysis,Government Laboratory,444001
"National Centre for Cell Science, NCCS Complex, Savitribai Phule Pune University Campus, Ganeshkhind Road, Pune - 411007, Maharashtra State, India",Pune,"National Centre for Cell Science (NCCS), Pune",Maharashtra,Covid-19 in India Dashboard Analysis,Government Laboratory,411007
"ICMR-National Institute for Research in Reproductive Health, Jehangir Merwanji Street, Parel, Mumbai 400012, Maharashtra, India",Mumbai,"ICMR-National Institute for Research in Reproductive Health, Mumbai",Maharashtra,Covid-19 in India Dashboard Analysis,Government Laboratory,400012
"Rajiv Gandhi Medical College and Chhatrapati Shivaji Maharaj Hospital, Thane - Belapur Rd, Kalwa West, Budhaji Nagar, Kalwa, Thane, Maharashtra 400605",Thane,"Rajiv Gandhi Medical College and Chhatrapati Shivaji Maharaj Hospital, Thane",Maharashtra,Covid-19 in India Dashboard Analysis,Government Laboratory,400605
"Thyrocare Technologies Limited, D-37/1 MIDC Turbhe Opp Sandoz, MIDC Industrial Area, Sanpada, Navi Mumbai, Maharashtra 400703",Navi Mumbai,"Thyrocare Technologies Limited, Navi Mumbai",Maharashtra,Covid-19 in India Dashboard Analysis,Private Laboratory,400703
"Suburban Diagnostics (India) Pvt. Ltd., 2nd Floor Aston, Shastri Nagar, Andheri (W), Mumbai, Maharashtra, India 400053",Mumbai,"Suburban Diagnostics (India) Pvt. Ltd., Mumbai",Maharashtra,Covid-19 in India Dashboard Analysis,Private Laboratory,400053
"Metropolis Healthcare Ltd, 4th Floor, Commerical Building 1-A, Kohinoor City Mall, Off LBS Marg, Vidyavihar (West), Mumbai, Maharashtra 400070",Mumbai,"Metropolis Healthcare Ltd, Mumbai",Maharashtra,Covid-19 in India Dashboard Analysis,Private Laboratory,400070
"Sir H.N. Reliance Foundation Hospital and Research Center, Reliance Life Sciences Pvt Ltd, MIDC, R-282, Thane - Belapur Rd, T.T.C. Industrial Area, Rabale, Navi Mumbai, Maharashtra 400701",Navi Mumbai,"Sir H. N. Reliance Foundation Hospital and Research Center, Mumbai",Maharashtra,Covid-19 in India Dashboard Analysis,Private Laboratory,400701
"SRL Diagnostics, Plot No 1, Prime Square building, Gaiwadi Industrial, estate, Next to Patel Petrol Pump, Opposite Mahesh Nagar, S.V. Road, Goregaon West, Mumbai, Maharashtra 400062",Mumbai,"SRL Diagnostics, Goregaon West",Maharashtra,Covid-19 in India Dashboard Analysis,Private Laboratory,400062
"A.G Diagnostics Pvt Ltd, CTS No 809, F.P. 147, Nayantara Building, Bhandarkar Road, Pune, Maharashtra 411004",Mumbai,"A.G Diagnostics Pvt Ltd, Pune",Maharashtra,Covid-19 in India Dashboard Analysis,Private Laboratory,411004
"Kokilaben Dhirubhai Ambani Hospital Laboratory, Four Bungalows, Andheri (West), Mumbai, Maharashtra, India",Mumbai,"Kokilaben Dhirubhai Ambani Hospital Laboratory, Mumbai",Maharashtra,Covid-19 in India Dashboard Analysis,Private Laboratory,400053
"InfeXn Laboratories Private Ltd, A/131, Therelek Compound, Road Number 23, Wagle Industrial Estate, Thane West, Thane, Maharashtra 400604",Thane,"InfeXn Laboratories Private Ltd, Thane",Maharashtra,Covid-19 in India Dashboard Analysis,Private Laboratory,400604
"iGenetic Diagnostics Pvt. Ltd., 1st Floor, krislon House, Off Marol Military Road, Andheri East, Mumbai Maharashtra 400072",Mumbai,"iGenetic Diagnostics Pvt. Ltd., Mumbai",Maharashtra,Covid-19 in India Dashboard Analysis,Private Laboratory,400072
"Tata Memorial Centre Diagnostic Services, Tata Memorial Hospital, Dept. of Microbiology & Serology, 6th Floor, Anexe Building, Tata Memorial Hospital, Dr. E. Borges Road, Parel, Mumbai 400012",Mumbai,"Tata Memorial Centre Diagnostic Services, Tata Memorial Hospital, Mumbai",Maharashtra,Covid-19 in India Dashboard Analysis,Private Laboratory,400012
"Sahyadri Speciality Labs, Plot No. 54, S.No. 80-90, Lokmanya Colony, Kothrud, Pune-411038, Maharashtra, India",Pune,"Sahyadri Speciality Labs, Pune",Maharashtra,Covid-19 in India Dashboard Analysis,Private Laboratory,411038
"Dr. Jariwala Laboratory & Diagnostics LLP, 1st Floor, Rasraj Heights, Rokadia Lane, Near Gokul Hotel Off,Mandpeshwar Road, Borivli (W), Mumbai-400092, Maharashtra",Mumbai,"Dr. Jariwala Laboratory & Diagnostics LLP, Mumbai",Maharashtra,Covid-19 in India Dashboard Analysis,Private Laboratory,400092
"Construction House, Ground Floor, First Floor & Second Floor, 796/189-B, Bhandarkar Institute Road, Pune – 411004, Maharashtra, India",Pune,"Metropolis Healthcare Limited, Pune",Maharashtra,Covid-19 in India Dashboard Analysis,Private Laboratory,411004
"Ruby Hall Clinic, Department of Laboratory, Grant Medical Foundation, 40, Sassoon Road, Pune – 411001, Maharashtra, India",Pune,"Ruby Hall Clinic, Department of Laboratory, Grant Medical Foundation, Pune",Maharashtra,Covid-19 in India Dashboard Analysis,Private Laboratory,411001
"Qualilife Diagnostics, Balaji Arcade, 1st Floor, 544/A, Above Janata Sahakari Bank, Netaji Subhash Road, Mulud – West, Mumbai-400080",Mumbai,"Qualilife Diagnostics, Mumbai",Maharashtra,Covid-19 in India Dashboard Analysis,Private Laboratory,400080
"SRL Diagnostics- Dr. Avinash Phadke (SRL Diagnostics Pvt Ltd), Mahalaxmi Engineering Estate, 2nd floor, near k.j.khilnani high school, Mahim West, Mahim, Mumbai, Maharashtra 400016",Mumbai,"SRL Diagnostics- Dr. Avinash Phadke (SRL Diagnostics Pvt Ltd), Mumbai",Maharashtra,Covid-19 in India Dashboard Analysis,Private Laboratory,400016
"Sunflower Laboratory And Diagnostic Center, Keshav Kunj, Marve Road, Malad West, Mumbai, Maharashtra 400064",Mumbai,"Sunflower Laboratory And Diagnostic Center, Mumbai",Maharashtra,Covid-19 in India Dashboard Analysis,Private Laboratory,400064
"Aditya Birla Memorial Hospital –Laboratory (A Unit of Aditya Birla Health Services Ltd.), Aditya Birla Hospital Marg, Chinchwad, Pune-411033, Maharashtra, India",Pune,"Aditya Birla Memorial Hospital –Laboratory (A Unit of Aditya Birla Health Services Ltd.), Pune",Maharashtra,Covid-19 in India Dashboard Analysis,Private Laboratory,411033
"Department of Laboratory Medicine – P.D. Hinduja National Hospital & Medical Research Centre, Veer Savarkar Marg, Mahim (W), Mumbai- 400016, Maharashtra, India",Mumbai,"Department of Laboratory Medicine – P.D. Hinduja National Hospital & Medical Research Centre, Mumbai",Maharashtra,Covid-19 in India Dashboard Analysis,Private Laboratory,400016
"All India Institute of Medical Sciences (AIIMS), AIIMS Campus Rd, Saket Nagar, Habib Ganj, Bhopal, Madhya Pradesh 462026",Bhopal,"All India Institute of Medical Sciences (AIIMS), Bhopal",Madhya Pradesh,Covid-19 in India Dashboard Analysis,Government Laboratory,462026
"National Institute for Research in Tribal Health, Nagpur Road, near NSCB Medical Collage, Dhanvantri Nagar, Shastri Nagar, Jabalpur, Madhya Pradesh 482003",Jabalpur,"National Institute for Research in Tribal Health, Jabalpur",Madhya Pradesh,Covid-19 in India Dashboard Analysis,Government Laboratory,482003
"MGM Medical College, A.B.Road, Indore, 452001 Indore, Madhya Pradesh",Indore,"Mahatma Gandhi Memorial Medical College, Indore",Madhya Pradesh,Covid-19 in India Dashboard Analysis,Government Laboratory,452001
"Gandhi Medical College, Sultania Rd, near Hamidia Hospital, Royal Market, Bhopal, Madhya Pradesh 462001",Bhopal,"Gandhi Medical College, Bhopal",Madhya Pradesh,Covid-19 in India Dashboard Analysis,Government Laboratory,462001
"Bhopal Memorial Hospital & Research Centre, Raisen Rd, Near Best Price, BMHRC Campus, Karond, Bhopal, Madhya Pradesh 462038",Bhopal,"Bhopal Memorial Hospital & Research Centre, Bhopal",Madhya Pradesh,Covid-19 in India Dashboard Analysis,Government Laboratory,462038
"Gajra Raja Medical College, Yadav Colony, Lashkar, Gwalior, Madhya Pradesh 474009",Gwalior,"Gajra Raja Medical College, Gwalior",Madhya Pradesh,Covid-19 in India Dashboard Analysis,Government Laboratory,474009
"ICAR-National Institute of High Security Animal Diseases (ICAR-NIHSAD), Anand Nagar, Bhopal- 462022, Madhya Pradesh, India",Bhopal,"ICAR-National Institute of High Security Animal Diseases (ICAR-NIHSAD), Bhopal",Madhya Pradesh,Covid-19 in India Dashboard Analysis,Government Laboratory,462022
"Defence Research & Development Organisation, Jhansi Road, Gwalior-474002, Madhya Pradesh",Gwalior,"Defence Research & Development Establishment (DRDE), Gwalior",Madhya Pradesh,Covid-19 in India Dashboard Analysis,Government Laboratory,474002
"Bundelkhand Government College, Shivaji Ward, Tili Rd, Sagar, Madhya Pradesh 470001",Sagar,"Bundelkhand Government College, Sagar",Madhya Pradesh,Covid-19 in India Dashboard Analysis,Government Laboratory,470001
"Chirayu Medical College & Hospital, Bhopal Indore Highway Bhainsakhedi, Bairagarh, Bhopal, Madhya Pradesh 462030",Bhopal,"Chirayu Medical College & Hospital, Bhopal",Madhya Pradesh,Covid-19 in India Dashboard Analysis,Private Laboratory,462030
"Jawaharlal Nehru Institute of Medical Sciences, Porompat, Imphal, Manipur 795004",Imphal,"Jawaharlal Nehru Institute of Medical Sciences, Imphal",Manipur,Covid-19 in India Dashboard Analysis,Government Laboratory,795004
"Regional Institute of Medical Sciences, Lamphel Road, Lamphelpat, Imphal, Manipur 795004",Imphal,"Regional Institute of Medical Sciences, Imphal",Manipur,Covid-19 in India Dashboard Analysis,Government Laboratory,795004
"North Eastern Indira Gandhi Regional Institute of Health and Medical Sciences (NEIGRIHMS), NEIGRIHMS,Mawdiangdiang Shillong-793018, Meghalaya, India",Shillong,"North Eastern Indira Gandhi Regional Institute of Health and Medical Sciences (NEIGRIHMS), Shillong",Meghalaya,Covid-19 in India Dashboard Analysis,Government Laboratory,793018
"Zoram Medical College, State Referral Hospital, Falkawn, Aizawl, Mizoram 796005",Aizawl,"Zoram Medical College, Aizwal",Mizoram,Covid-19 in India Dashboard Analysis,Government Laboratory,796005
"ICMR-Regional Medical Research Centre (RMRC), Chandrasekharpur, Bhubaneswar - 751 023, Odisha",Bhubaneswar,"ICMR-Regional Medical Research Centre (RMRC), Bhubaneswar",Odisha,Covid-19 in India Dashboard Analysis,Government Laboratory,751023
"All India Institute of Medical Sciences (AIIMS), Sijua, Patrapada, Bhubaneswar, Odisha 751019",Bhubaneswar,"All India Institute of Medical Sciences (AIIMS), Bhubaneswar",Odisha,Covid-19 in India Dashboard Analysis,Government Laboratory,751019
"SCB Medical College, PG Hostel, Cuttack, Odisha 753001",Cuttack,"SCB Medical College, Cuttack",Odisha,Covid-19 in India Dashboard Analysis,Government Laboratory,753001
"M.K.C.G Medical College, National Highway 59, Berhampur, District - Ganjam, Odisha. Pin: 760 004, India",Berhampur,"M.K.C.G Medical College, Berhampur",Odisha,Covid-19 in India Dashboard Analysis,Government Laboratory,760004
"Institute of Life Sciences (ILS), NALCO Square, Bhubaneswar 751023, Odisha, India",Bhubaneswar,"Institute of Life Sciences (ILS), Bhubaneswar",Odisha,Covid-19 in India Dashboard Analysis,Government Laboratory,751023
"Ispat General Hospital (IGH), Sector 19, Rourkela Steel Plant, Rourkela, 769011, Odisha, India",Rourkela,"Ispat General Hospital (IGH), Rourkela",Odisha,Covid-19 in India Dashboard Analysis,Government Laboratory,769011
"Department of Laboratory Services Apollo Hospitals, Plot no 251, Sainik School Rd, Unit 15, Gajapati Nagar, Bhubaneswar, Odisha 751005",Bhubaneswar,"Department of Laboratory Services Apollo Hospitals, Bhubaneswar",Odisha,Covid-19 in India Dashboard Analysis,Private Laboratory,751005
"JIPMER Campus Rd, Gorimedu, Dhanvantari Nagar, Puducherry, 605006",Puducherry,"Jawaharlal Institute of Postgraduate Medical Education and Research (JIPMER), Puducherry",Puducherry,Covid-19 in India Dashboard Analysis,Government Laboratory,605006
"Government Medical College, Medical Enclave, Amritsar, Punjab 143001",Amritsar,"Government Medical College, Amritsar",Punjab,Covid-19 in India Dashboard Analysis,Government Laboratory,143001
"Government Medical College, Sangrur Rd, New Lal Bagh Colony, Patiala, Punjab 147001",Patiala,"Government Medical College, Patiala",Punjab,Covid-19 in India Dashboard Analysis,Government Laboratory,147001
"Guru Gobind Singh Medical College & Hospital, Sadiq Road, Faridkot, Punjab 151203, India",Faridkot,"Guru Gobind Singh Medical College & Hospital, Faridkot",Punjab,Covid-19 in India Dashboard Analysis,Government Laboratory,151203
"Department of Microbiology, Dayanand Medical College and Hospital, Civil Lines, Tagore Nagar, Ludhiana, Punjab 141001",Ludhiana,"Department of Microbiology, Dayanand Medical College and Hospital, Ludhiana",Punjab,Covid-19 in India Dashboard Analysis,Private Laboratory,141001
"Tuli Diagnostic Centre, Majitha Road, Opp. Guru Nanak Dev Hospital, Amritsar-143001, ,Punjab, India",Amritsar,"Tuli Diagnostic Centre, Amritsar",Punjab,Covid-19 in India Dashboard Analysis,Private Laboratory,143001
"SMS Medical College, Jawahar Lal Nehru Marg, Gangawal Park, Adarsh Nagar, Jaipur, Rajasthan 302004",Jaipur,"Sawai Man Singh (SMS) Medical College, Jaipur",Rajasthan,Covid-19 in India Dashboard Analysis,Government Laboratory,302004
"Dr. S.N. Medical College, Residency Road, Near Sriram Excellency Hotel, Sector-D, Shastri Nagar, opposite Petrol Pump, Jodhpur, Rajasthan 342003",Jodhpur,"Dr. Sampurnanand Medical College, Jodhpur",Rajasthan,Covid-19 in India Dashboard Analysis,Government Laboratory,342003
"Jhalawar Medical College, N.H.-12, Kota Rd, Jhalawar, Rajasthan 326001",Jhalawar,"Jhalawar Medical College, Jhalawar",Rajasthan,Covid-19 in India Dashboard Analysis,Government Laboratory,326001
"RNT Medical College, Court Chowk, City's Prime Health Care Area, Udaipur, Rajasthan 313001",Udaipur,"RNT Medical College, Udaipur",Rajasthan,Covid-19 in India Dashboard Analysis,Government Laboratory,313001
"S.P. Medical College, PBM Hospital, Bikaner, Rajasthan 334001",Bikaner,"S.P. Medical College, Bikaner",Rajasthan,Covid-19 in India Dashboard Analysis,Government Laboratory,334001
"All India Institute of Medical Sciences (AIIMS), Basni Industrial Area, MIA 2nd Phase, Basni, Jodhpur, Rajasthan 342005",Jodhpur,"All India Institute of Medical Sciences (AIIMS), Jodhpur",Rajasthan,Covid-19 in India Dashboard Analysis,Government Laboratory,342005
"JLN Medical College, Kala Bagh, Ajmer, Rajasthan 305001",Ajmer,"JLN Medical College, Ajmer",Rajasthan,Covid-19 in India Dashboard Analysis,Government Laboratory,305001
"Govt. Medical College, Rangbari Rd, Sector - A, Rangbari, Kota, Rajasthan 324010",Kota,"Govt. Medical College, Kota",Rajasthan,Covid-19 in India Dashboard Analysis,Government Laboratory,324010
"Central Laboratory, Mahatma Gandhi University of Medical Sciences & Technology, Ricco Industrial Area, Sitapura, Tonk Road, Jaipur, Rajasthan 302022",Jaipur,"Central Laboratory, Mahatma Gandhi University of Medical Sciences & Technology, Jaipur",Rajasthan,Covid-19 in India Dashboard Analysis,Private Laboratory,302022
"STNM Hospital, Sungava, Gangtok, Sikkim 737101",Gangtok,"Sir Thutob Namgyal Memorial Hospital (STNM), Gangtok",Sikkim,Covid-19 in India Dashboard Analysis,Collection Site,737101
"King Institute of Preventive Medicine and Research, Chennai",Chennai,"King Institute of Preventive Medicine and Research, Chennai",Tamil Nadu,Covid-19 in India Dashboard Analysis,Government Laboratory,600032
"Madras Medical College, Near Park Town Station, Park Town, Chennai, Tamil Nadu 600003",Chennai,"Madras Medical College, Chennai, Tamil Nadu",Tamil Nadu,Covid-19 in India Dashboard Analysis,Government Laboratory,600003
"Govt. Theni Medical College, k. villakku, Tamil Nadu 625531",Theni,"Government Theni Medical College, Theni",Tamil Nadu,Covid-19 in India Dashboard Analysis,Government Laboratory,625531
"Tirunelveli Medical College, 3, High Ground Rd, Palayamkottai, Tirunelveli, Tamil Nadu 627011",Tirunelveli,"Tirunelveli Medical College, Tirunelveli",Tamil Nadu,Covid-19 in India Dashboard Analysis,Government Laboratory,627011
"Government Medical College, Collector office Master Plan Complex, Collector Office Road, Thiruvarur, Tamil Nadu 610004",Thiruvar,"Government Medical College, Thiruvarur",Tamil Nadu,Covid-19 in India Dashboard Analysis,Government Laboratory,610004
"Government Mohan Kumaramangalam Medical College, Steel Plant Road Sarkar Kollappatty, Salem, Tamil Nadu 636030",Salem,"Kumar Mangalam Government Medical College, Salem",Tamil Nadu,Covid-19 in India Dashboard Analysis,Government Laboratory,636030
"Coimbatore Medical College, 1 A, SF No 498, Avinashi Rd, Peelamedu, Civil Aerodrome Post, Coimbatore, Tamil Nadu 641018",Coimbatore,"Coimbatore Medical College, Coimbatore",Tamil Nadu,Covid-19 in India Dashboard Analysis,Government Laboratory,641018
"Government Villupuram Medical College, Mundiyampakkam, Villupuram, Tamil Nadu 605601",Villupuram,"Government Villupuram Medical College, Villupuram",Tamil Nadu,Covid-19 in India Dashboard Analysis,Government Laboratory,605601
"Medical College, Medical College Rd, Alwarpuram, Madurai, Tamil Nadu 625020",Madurai,"Madurai Medical College, Madurai",Tamil Nadu,Covid-19 in India Dashboard Analysis,Government Laboratory,625020
"K.A.P. Viswanatham Government Medical College, Periyamilaguparai, Colletor's office Road, Trichy, Tamil Nadu 620001",Trichy,"K.A.P. Viswanatham Government Medical College, Trichy",Tamil Nadu,Covid-19 in India Dashboard Analysis,Government Laboratory,620001
"IRT Perundurai Medical College, Perundurai -638053 Erode District TamilNadu, India",Perundurai,"IRT Perundurai Medical College, Perundurai",Tamil Nadu,Covid-19 in India Dashboard Analysis,Government Laboratory,638053
"Government Dharmapuri Medical College, Nethaji byepass Road, Dharmapuri, Tamil Nadu, 636701 India",Dharmapuri,"Government Dharmapuri Medical College, Dharmapuri",Tamil Nadu,Covid-19 in India Dashboard Analysis,Government Laboratory,636701
"Government Vellore Medical College, Sapthalipuram, Pennathur, Adukkamparai, Tamil Nadu 632011",Vellore,"Government Vellore Medical College, Vellore",Tamil Nadu,Covid-19 in India Dashboard Analysis,Government Laboratory,632011
"State Public Health Laboratory, Chokkalingam Nagar, Teynampet, Chennai, Tamil Nadu 600086",Chennai,"State Public Health Laboratory, Chennai",Tamil Nadu,Covid-19 in India Dashboard Analysis,Government Laboratory,600086
"ICMR-National Institute of Epidemiology, Second Main Road, Tamil Nadu Housing Board, Ayapakkam, Near Ambattur, Chennai 600077, Tamil Nadu, India",Chennai,"ICMR-National Institute of Epidemiology, Chennai",Tamil Nadu,Covid-19 in India Dashboard Analysis,Government Laboratory,600077
"Kanyakumari Government Medical College, Asaripallam, Nagercoil, Kanyakumari, Tamil Nadu, India-629201",Nagercoil,"Kanyakumari Government Medical College, Nagercoil",Tamil Nadu,Covid-19 in India Dashboard Analysis,Government Laboratory,629201
"Department of Clinical Virology, Christian Medical College, 9th Floor, ASHA Building, IDA Scudder Road, Christian Medical College, Vellore, Tamil Nadu, India Pin 632004",Vellore,"Christian Medical College, Vellore",Tamil Nadu,Covid-19 in India Dashboard Analysis,Private Laboratory,632004
"Department of Laboratory Services, Apollo Hospitals Enterprise Limited, 21 Greams Lane, Off Greams Road, Chennai Tamil Nadu Pin 600006",Chennai,"Apollo Hospitals Enterprise Limited, Chennai",Tamil Nadu,Covid-19 in India Dashboard Analysis,Private Laboratory,600006
"Neuberg Ehrlich Laboratory Pvt Ltd, 46 & 48, Masilamani Road, Balaji Nagar, Royapettah, Chennai - 600 014, Tamil Nadu",Chennai,"Neuberg Ehrlich Laboratory Pvt Ltd, Chennai",Tamil Nadu,Covid-19 in India Dashboard Analysis,Private Laboratory,600014
"No.1 Ramachandra Nagar, Porur, Chennai - 600116 Tamil Nadu, India",Chennai,"Sri Ramachandra Laboratory Services, Chennai",Tamil Nadu,Covid-19 in India Dashboard Analysis,Private Laboratory,600116
"Microbiological laboratory, no-02, kings colony, united nagar, veerakeralam road, vadavalli, Coimbatore, Tamil Nadu, Indi",Coimbatore,"Microbiological Laboratory, Coimbatore",Tamil Nadu,Covid-19 in India Dashboard Analysis,Private Laboratory,641002
"Division of Molecular Biology & Genotyping, YRG CARE Infectious Diseases Laboratory VHS Hospital Campus, Rajiv Gandhi Road, Tharamani, Chennai, Tamil Nadu 600113",Chennai,"Y. R. Gaitonde Centre for AIDS Research and Education (YRG Care), Chennai",Tamil Nadu,Covid-19 in India Dashboard Analysis,Private Laboratory,600113
"K.A.P.Viswanatham Government Medical College, Periyamilaguparai, Colletor's office Road, Trichy, Tamil Nadu 620001",Trichy,"K.A.P. Viswanatham Government Medical College, Trichy",Tamil Nadu,Covid-19 in India Dashboard Analysis,Private Laboratory,620001
"Madras Medical Mission Clinical, Laboratory Services, 4-A, Dr. J. Jayalalitha Nagar, Mogappair, Chennai-600037, India",Chennai,"Madras Medical Mission Clinical Laboratory Services, Chennai",Tamil Nadu,Covid-19 in India Dashboard Analysis,Private Laboratory,600037
"MIOT Hospitals – Department of Laboratory Medicine, No : 4/112, Mount Poonamallee Road, Manapakkam, Chennai-600089, Tamil Nadu",Chennai,"MIOT Hospitals – Department of Laboratory Medicine, Chennai",Tamil Nadu,Covid-19 in India Dashboard Analysis,Private Laboratory,600089
"PSG Hospitals Diagnostic Centre, Avinashi Rd, Peelamedu, Coimbatore, Tamil Nadu 641004",Coimbatore,"PSG Hospitals Diagnostic Centre, Coimbatore",Tamil Nadu,Covid-19 in India Dashboard Analysis,Private Laboratory,641004
"Gandhi Medical College, Musheerabad, Padmarao Nagar, Secunderabad, Telangana 500003",Secunderabad,"Gandhi Medical College, Secunderabad",Telangana,Covid-19 in India Dashboard Analysis,Government Laboratory,500003
"Osmania Medical College, 5-1-876, Turrebaz Khan Rd, Troop Bazaar, Koti, Hyderabad, Telangana 500095",Hyderabad,"Osmania Medical College, Hyderabad",Telangana,Covid-19 in India Dashboard Analysis,Government Laboratory,500095
"Sir Ronald Ross of Tropical & Communicable Diseases, (Fever Hospital), CGHS Complex, Old Aiport Road, Motilal Nehru Nagar, Begumpet, Hyderabad, Telangana 500016",Hyderabad,"Sir Ronald Ross of Tropical & Communicable Diseases, Hyderabad",Telangana,Covid-19 in India Dashboard Analysis,Government Laboratory,500016
"Punjagutta Rd, Punjagutta Market, Punjagutta, Hyderabad, Telangana 500082",Hyderabad,"Nizam's Institute Of Medical Sciences, Hyderabad",Telangana,Covid-19 in India Dashboard Analysis,Government Laboratory,500082
"Institute of Preventive Medicine, Narayanaguda, Hyderabad, Telangana 500029",Hyderabad,"Institute of Preventive Medicine, Hyderabad",Telangana,Covid-19 in India Dashboard Analysis,Government Laboratory,500029
"Centre for Cellular and Molecular Biology, Uppal Rd, IICT Colony, Habsiguda, Hyderabad, Telangana 500007",Hyderabad,"CSIR - Centre for Cellular and Molecular Biology, Hyderabad",Telangana,Covid-19 in India Dashboard Analysis,Government Laboratory,500007
"Centre for DNA Fingerprinting and Diagnostics (CDFD), Inner Ring Road, Uppal, Hyderabad – 500039, Telangana, India",Hyderabad,"Centre for DNA Fingerprinting and Diagnostics (CDFD), Hyderabad",Telangana,Covid-19 in India Dashboard Analysis,Government Laboratory,500039
"Laboratory Services Apollo Hospitals Hyderabad, 6th Floor Health street Building, Jubilee Hills, Hyderabad 500096",Hyderabad,"Laboratory Services Apollo Hospitals, Hyderabad",Telangana,Covid-19 in India Dashboard Analysis,Private Laboratory,500096
"Vijaya Diagnostic Centre Pvt. Ltd, 3-6-16 & 17, Street No.19, opp. Lane to Tanishq, Chandra Nagar, Himayatnagar, Hyderabad, Telangana 500029",Hyderabad,"Vijaya Diagnostic Centre Pvt. Ltd, Hyderabad",Telangana,Covid-19 in India Dashboard Analysis,Private Laboratory,500029
"Vimta Labs Ltd., Plot No. 142, Phase 2, IDA Cherlapally, Hyderabad, Telangana, India 500051",Hyderabad,"Vimta Labs Ltd., Hyderabad",Telangana,Covid-19 in India Dashboard Analysis,Private Laboratory,500051
"Apollo Health and Lifestyle Limited-Secunderabad, Diagnostics Laboratory, NOS, 140/A, 140/B, 140/C, 141/A, 141/B, 141/C, Thokatta Village, Bowenpally, Secunderabad, Telangana, Hyderabad-500011",Hyderabad,"Apollo Health and Lifestyle Limited-Secunderabad, Diagnostics Laboratory, Hyderabad",Telangana,Covid-19 in India Dashboard Analysis,Private Laboratory,500011
"Dr. Remedies labs Private Limited , Titus Plaza, 1st Floor, Sharma Commercial Complex, Hyderabad, Telangana 500082",Hyderabad,"Dr. Remedies labs Private Limited , Hyderabad",Telangana,Covid-19 in India Dashboard Analysis,Private Laboratory,500082
"PATHCARE Labs Pvt. Ltd., Sy. #34, Opp: Geethanjali Engineering College, Cheeryal (V), Keesara (M), Greater Hyderabad, Telangana 501301",Hyderabad,"PATHCARE Labs Pvt. Ltd., Hyderabad",Telangana,Covid-19 in India Dashboard Analysis,Private Laboratory,501301
"AMERICAN Institute of Pathology and Laboratory Sciences Private Limited, Door No. 1-100/CCH, Second Floor, At Citizens Hospital, Nallagandla, Serilingampally, Hyderabad, Telangana 500019",Hyderabad,"AMERICAN Institute of Pathology and Laboratory Sciences Private Limited, Hyderabad",Telangana,Covid-19 in India Dashboard Analysis,Private Laboratory,500019
"Medcis Pathlabs India Pvt.Ltd., Plot 16 & 17, Swathi Plaza, Bhavani Enclave, Anand Nagar, New Bowenpally, near Asish Gardens, Hyderabad, Telangana 500011",Hyderabad,"Medcis Pathlabs India Pvt.Ltd., Secunderabad",Telangana,Covid-19 in India Dashboard Analysis,Private Laboratory,500011
"The Department of Laboratory Medicine, Yashoda Hospital, 9th Floor, 1-1-156 & 157, Alexander Road, S. P. Road, Secunderabad, Telangana 500003",Secunderabad,"The Department of Laboratory Medicine, Yashoda Hospital, Secunderabad",Telangana,Covid-19 in India Dashboard Analysis,Private Laboratory,500003
"Biognosys Technologies (India) Private Limited, # 8 - 148/174/11, NRI Colony, ALEAP Industrial Area, Medchal, Malkajgiri, Hyderabad, Telangana 500090, India",Hyderabad,"Biognosys Technologies (India) Private Limited, Hyderabad",Telangana,Covid-19 in India Dashboard Analysis,Private Laboratory,500090
"Department of Laboratory Medicine, Star Hospitals, A Unit of UNIMED Healthcare Pvt Ltd. # 8-2-594/B, Road No. 10, Banjara Hills, Hyderabad- 500034, Telangana",Hyderabad,"Department of Laboratory Medicine, Star Hospitals, A Unit of UNIMED Healthcare Pvt Ltd, Hyderabad",Telangana,Covid-19 in India Dashboard Analysis,Private Laboratory,500034
"Tenet Diagnostics (A Unit of Center for Excellence in Medical Services Private Limited), Plot No 51, Kineta Towers, Journalist Colony, Road No 3, Banjara Hills, Hyderabad, Telangana 500034",Hyderabad,"Tenet Diagnostics (A Unit of Center for Excellence in Medical Services Private Limited), Hyderabad",Telangana,Covid-19 in India Dashboard Analysis,Private Laboratory,500034
"Government Medical College, 79 Tilla, Agartala, Tripura 799006",Agartala,"Government Medical College, Agartala",Tripura,Covid-19 in India Dashboard Analysis,Government Laboratory,799006
"King George's Medical University, Shah Mina Rd, Chowk, Lucknow, Uttar Pradesh 226003",Lucknow,"King George's Medical University, Lucknow",Uttar Pradesh,Covid-19 in India Dashboard Analysis,Government Laboratory,226003
"Institute of Medical Sciences, BHU, Aurobindo Colony, Banaras Hindu University Campus, Varanasi, Uttar Pradesh 221005",Varanasi,"Institute of Medical Sciences, BHU, Varanasi",Uttar Pradesh,Covid-19 in India Dashboard Analysis,Government Laboratory,221005
"Jawaharlal Nehru Medical College, Medical Rd, AMU Campus, Aligarh, Uttar Pradesh 202002",Aligarh,"Jawaharlal Nehru Medical College, Aligarh",Uttar Pradesh,Covid-19 in India Dashboard Analysis,Government Laboratory,202002
"Command Hospital, Lucknow, Uttar Pradesh 226002",Lucknow,"Command Hospital, Lucknow",Uttar Pradesh,Covid-19 in India Dashboard Analysis,Government Laboratory,226002
"Lala Lajpat Rai Memorial Medical College, Garh Road, Jai Bhim Nagar, Meerut, Uttar Pradesh 250002",Meerut,"Lala Lajpat Rai Memorial Medical College, Meerut",Uttar Pradesh,Covid-19 in India Dashboard Analysis,Government Laboratory,250002
"Sanjay Gandhi Post Graduate Institute, New PMSSY Rd, Raibareli Rd, Lucknow, Uttar Pradesh 226014",Lucknow,"Sanjay Gandhi Post Graduate Institute, Lucknow",Uttar Pradesh,Covid-19 in India Dashboard Analysis,Government Laboratory,226014
"Uttar Pradesh University of Medical Sciences, Off, Kurawali - Mainpuri - Etawah Rd, Saifai, Uttar Pradesh 206130",Saifai,"Uttar Pradesh University of Medical Sciences, Saifai",Uttar Pradesh,Covid-19 in India Dashboard Analysis,Government Laboratory,206130
"ICMR- Regional Medical Research Centre, Baba Raghav Das (BRD) Medical College Campus, Gorakhpur, Uttar Pradesh PIN-273013",Gorakhpur,"ICMR- Regional Medical Research Centre, Gorakhpur",Uttar Pradesh,Covid-19 in India Dashboard Analysis,Government Laboratory,273013
"Maharani Laxmi Bai Medical College, Jhansi - Kanpur Road, Jhansi, Uttar Pradesh 284001, India",Jhansi,"Maharani Laxmi Bai Medical College, Jhansi",Uttar Pradesh,Covid-19 in India Dashboard Analysis,Government Laboratory,284001
"Motilal Nehru Medical College, George Town, Prayagraj, Uttar Pradesh 211002, India",Prayagraj,"Motilal Nehru Medical College, Prayagraj",Uttar Pradesh,Covid-19 in India Dashboard Analysis,Government Laboratory,211002
"Dr. Ram Manohar Lohia Institute of Medical Sciences (DR.RMLIMS), Vibhuti Khand, Gomtinagar, Lucknow-226010, Uttar Pradesh, India",Lucknow,"Dr. Ram Manohar Lohia Institute of Medical Sciences (DR.RMLIMS), Lucknow",Uttar Pradesh,Covid-19 in India Dashboard Analysis,Government Laboratory,226010
"S.N. Medical College, Moti Katra, Agra - 282002 (U.P) India",Agra,"Sarojini Naidu Medical College, Agra",Uttar Pradesh,Covid-19 in India Dashboard Analysis,Government Laboratory,282002
"Government Institute of Medical Sciences (GIMS), Greater Noida, Gautam Buddha Nagar, U.P. - 201310, India",Greater Noida,"Government Institute of Medical Sciences (GIMS), Greater Noida",Uttar Pradesh,Covid-19 in India Dashboard Analysis,Government Laboratory,201310
"Ganesh Shanker Vidyarthi Memorial Medical College (GSVM Medical College), Swaroop Nagar, Kanpur 208002 ,Uttar Pradesh",Kanpur,"Ganesh Shanker Vidyarthi Memorial Medical College (GSVM Medical College), Kanpur",Uttar Pradesh,Covid-19 in India Dashboard Analysis,Government Laboratory,208002
"National Institute of Biologicals, Plot No. A-32, Sector-62, Institutional Area, Noida -201309, Uttar Pradesh, India",Noida,"National Institute of Biologicals, Noida",Uttar Pradesh,Covid-19 in India Dashboard Analysis,Government Laboratory,201309
"RML Mehrotra Pathology Pvt Ltd., A-21/A, Nirala Nagar, Lucknow, Uttar Pradesh 226020",Lucknow,"RML Mehrotra Pathology Pvt Ltd., Lucknow",Uttar Pradesh,Covid-19 in India Dashboard Analysis,Private Laboratory,226020
"Department of Laboratory Medicine, Jaypee Hospital, Sector 128, Noida-201304",Noida,"Department of Laboratory Medicine, Jaypee Hospital, Noida",Uttar Pradesh,Covid-19 in India Dashboard Analysis,Private Laboratory,201304
"Government Medical College, Rampur Rd, Rampur, Haldwani, Uttarakhand 263129",Haldwani,"Government Medical College, Haldwani",Uttarakhand,Covid-19 in India Dashboard Analysis,Government Laboratory,263129
"All India Institute of Medical Sciences (AIIMS), Virbhadra Road Shivaji Nagar, near Barrage, Sturida Colony, Rishikesh, Uttarakhand 249203",Rishikesh,"All India Institute of Medical Sciences (AIIMS), Rishikesh",Uttarakhand,Covid-19 in India Dashboard Analysis,Government Laboratory,249203
"Dr. Ahuja’s Pathlogy and Imaging Centre-Department of Laboratory Medicine, 7-B Astley Hall, Ugrasain Rd, Dehradun, Uttarakhand 248001",Dehradun,"Dr. Ahuja’s Pathlogy and Imaging Centre-Department of Laboratory Medicine, Dehradun",Uttarakhand,Covid-19 in India Dashboard Analysis,Private Laboratory,248001
"ICMR-National Institute of Cholera & Enteric Diseases (NICED), P-33, C.I.T. Road, Scheme XM, Beleghata, Kolkata 700 010, India",Kolkata,"ICMR-National Institute of Cholera & Enteric Diseases (NICED), Kolkata",West Bengal,Covid-19 in India Dashboard Analysis,Government Laboratory,700010
"Institute of Post Graduate Medical Education and Research (IPGMER), 244, Acharya Jagadish Chandra Bose Rd, Bhowanipore, Kolkata, West Bengal 700020",Kolkata,"Institute of Post Graduate Medical Education and Research (IPGMER), Kolkata",West Bengal,Covid-19 in India Dashboard Analysis,Government Laboratory,700020
"Midnapore Medical College, Vidyasagar Road , Paschim Medinipur, Midnapore, West Bengal, 721 101",Midnapore,"Midnapore Medical College, Midnapore",West Bengal,Covid-19 in India Dashboard Analysis,Government Laboratory,721101
"North Bengal Medical College, Sushruta Nagar, Siliguri, West Bengal 734012",Siliguri,"North Bengal Medical College, Siliguri",West Bengal,Covid-19 in India Dashboard Analysis,Government Laboratory,734012
"School of Tropical Medicine, 108, Chittaranjan Avenue, Kolkata - 700073, West Bengal",Kolkata,"School of Tropical Medicine, Kolkata",West Bengal,Covid-19 in India Dashboard Analysis,Government Laboratory,700073
"Malda Medical College, Dipak Rd, 3 No. Govt Colony, Uma Roy Sarani, Malda, West Bengal 732101",Malda,"Malda Medical College, Malda",West Bengal,Covid-19 in India Dashboard Analysis,Government Laboratory,732101
"Command Hospital (Eastern Command), Alipore, Kolkata, Pin- 700027, West Bengal, India",Kolkata,"Command Hospital (Eastern Command), Kolkata",West Bengal,Covid-19 in India Dashboard Analysis,Government Laboratory,700027
"Apollo Gleneagles Hospitals, 58, Canal Circular Road, Kolkata, West Bengal 700054",Kolkata,"Apollo Gleneagles Hospitals, Kolkata",West Bengal,Covid-19 in India Dashboard Analysis,Private Laboratory,700054
"Department of Laboratory Sciences, Tata Medical Center, 14, MAR(E-W), DH Block(Newtown), Action Area I, Newtown, Kolkata, West Bengal 700160",Kolkata,"Tata Medical Center, Kolkata",West Bengal,Covid-19 in India Dashboard Analysis,Private Laboratory,700160
"Laboratory Services, Peerless Hospitex Hospital & Research Center Limited, 360, Panchasayar, Kolkata, West Bengal 700094, India",Kolkata,"Laboratory Services, Peerless Hospitex Hospital & Research Center Limited, Kolkata",West Bengal,Covid-19 in India Dashboard Analysis,Private Laboratory,700094
"AMRI Hospitals, Department of Laboratory Medicine, JC 16 & 17, Sector III, Salt Lake City, Kolkata, West Bengal -700098, India",Kolkata,"AMRI Hospitals, Department of Laboratory Medicine, Kolkata",West Bengal,Covid-19 in India Dashboard Analysis,Private Laboratory,700098
"Suraksha Diagnostics Pvt. Ltd., 12/1, Premises No. 02-0327, DG Block, Action Area 1D, Newtown, Kolkata, West Bengal 700156, India",Kolkata,"Suraksha Diagnostics Pvt. Ltd., Kolkata",West Bengal,Covid-19 in India Dashboard Analysis,Private Laboratory,700156
"Dr. Lal PathLabs Ltd, Reference Laboratory, Plot No. CB-31/1, Premises No. 031-0199, Street No, 199 Action area IC, Newtown, Kolkata-700156, West Bengal",Kolkata,"Dr. Lal PathLabs Ltd, Reference Laboratory, Kolkata",West Bengal,Covid-19 in India Dashboard Analysis,Private Laboratory,700156
